aggregate_period,partial,content_scope,content_category,aggregate_count,source_url,last_verified
2022-03,false,top_videos,announcement,14,https://github.com/TaiwanVtuberData/TaiwanVtuberTrackingData; https://github.com/TaiwanVtuberData/TaiwanVTuberTrackingDataArchive,2026-06-07
2022-03,false,top_videos,asmr,14,https://github.com/TaiwanVtuberData/TaiwanVtuberTrackingData; https://github.com/TaiwanVtuberData/TaiwanVTuberTrackingDataArchive,2026-06-07
2022-03,false,top_videos,chat,41,https://github.com/TaiwanVtuberData/TaiwanVtuberTrackingData; https://github.com/TaiwanVtuberData/TaiwanVTuberTrackingDataArchive,2026-06-07
2022-03,false,top_videos,collab,11,https://github.com/TaiwanVtuberData/TaiwanVtuberTrackingData; https://github.com/TaiwanVtuberData/TaiwanVTuberTrackingDataArchive,2026-06-07
2022-03,false,top_videos,game,78,https://github.com/TaiwanVtuberData/TaiwanVtuberTrackingData; https://github.com/TaiwanVtuberData/TaiwanVTuberTrackingDataArchive,2026-06-07
2022-03,false,top_videos,other,310,https://github.com/TaiwanVtuberData/TaiwanVtuberTrackingData; https://github.com/TaiwanVtuberData/TaiwanVTuberTrackingDataArchive,2026-06-07
2022-03,false,top_videos,singing,44,https://github.com/TaiwanVtuberData/TaiwanVtuberTrackingData; https://github.com/TaiwanVtuberData/TaiwanVTuberTrackingDataArchive,2026-06-07
2022-06,false,top_videos,announcement,42,https://github.com/TaiwanVtuberData/TaiwanVtuberTrackingData; https://github.com/TaiwanVtuberData/TaiwanVTuberTrackingDataArchive,2026-06-07
2022-06,false,top_videos,asmr,42,https://github.com/TaiwanVtuberData/TaiwanVtuberTrackingData; https://github.com/TaiwanVtuberData/TaiwanVTuberTrackingDataArchive,2026-06-07
2022-06,false,top_videos,chat,128,https://github.com/TaiwanVtuberData/TaiwanVtuberTrackingData; https://github.com/TaiwanVtuberData/TaiwanVTuberTrackingDataArchive,2026-06-07
2022-06,false,top_videos,collab,29,https://github.com/TaiwanVtuberData/TaiwanVtuberTrackingData; https://github.com/TaiwanVtuberData/TaiwanVTuberTrackingDataArchive,2026-06-07
2022-06,false,top_videos,game,110,https://github.com/TaiwanVtuberData/TaiwanVtuberTrackingData; https://github.com/TaiwanVtuberData/TaiwanVTuberTrackingDataArchive,2026-06-07
2022-06,false,top_videos,other,588,https://github.com/TaiwanVtuberData/TaiwanVtuberTrackingData; https://github.com/TaiwanVtuberData/TaiwanVTuberTrackingDataArchive,2026-06-07
2022-06,false,top_videos,singing,110,https://github.com/TaiwanVtuberData/TaiwanVtuberTrackingData; https://github.com/TaiwanVtuberData/TaiwanVTuberTrackingDataArchive,2026-06-07
2022-06,false,youtube_livestreams,announcement,30,https://github.com/TaiwanVtuberData/TaiwanVtuberTrackingData; https://github.com/TaiwanVtuberData/TaiwanVTuberTrackingDataArchive,2026-06-07
2022-06,false,youtube_livestreams,chat,120,https://github.com/TaiwanVtuberData/TaiwanVtuberTrackingData; https://github.com/TaiwanVtuberData/TaiwanVTuberTrackingDataArchive,2026-06-07
2022-06,false,youtube_livestreams,collab,29,https://github.com/TaiwanVtuberData/TaiwanVtuberTrackingData; https://github.com/TaiwanVtuberData/TaiwanVTuberTrackingDataArchive,2026-06-07
2022-06,false,youtube_livestreams,game,182,https://github.com/TaiwanVtuberData/TaiwanVtuberTrackingData; https://github.com/TaiwanVtuberData/TaiwanVTuberTrackingDataArchive,2026-06-07
2022-06,false,youtube_livestreams,other,720,https://github.com/TaiwanVtuberData/TaiwanVtuberTrackingData; https://github.com/TaiwanVtuberData/TaiwanVTuberTrackingDataArchive,2026-06-07
2022-06,false,youtube_livestreams,singing,67,https://github.com/TaiwanVtuberData/TaiwanVtuberTrackingData; https://github.com/TaiwanVtuberData/TaiwanVTuberTrackingDataArchive,2026-06-07
2022-09,false,top_videos,announcement,41,https://github.com/TaiwanVtuberData/TaiwanVtuberTrackingData; https://github.com/TaiwanVtuberData/TaiwanVTuberTrackingDataArchive,2026-06-07
2022-09,false,top_videos,asmr,55,https://github.com/TaiwanVtuberData/TaiwanVtuberTrackingData; https://github.com/TaiwanVtuberData/TaiwanVTuberTrackingDataArchive,2026-06-07
2022-09,false,top_videos,chat,84,https://github.com/TaiwanVtuberData/TaiwanVtuberTrackingData; https://github.com/TaiwanVtuberData/TaiwanVTuberTrackingDataArchive,2026-06-07
2022-09,false,top_videos,collab,48,https://github.com/TaiwanVtuberData/TaiwanVtuberTrackingData; https://github.com/TaiwanVtuberData/TaiwanVTuberTrackingDataArchive,2026-06-07
2022-09,false,top_videos,game,109,https://github.com/TaiwanVtuberData/TaiwanVtuberTrackingData; https://github.com/TaiwanVtuberData/TaiwanVTuberTrackingDataArchive,2026-06-07
2022-09,false,top_videos,other,512,https://github.com/TaiwanVtuberData/TaiwanVtuberTrackingData; https://github.com/TaiwanVtuberData/TaiwanVTuberTrackingDataArchive,2026-06-07
2022-09,false,top_videos,shorts,27,https://github.com/TaiwanVtuberData/TaiwanVtuberTrackingData; https://github.com/TaiwanVtuberData/TaiwanVTuberTrackingDataArchive,2026-06-07
2022-09,false,top_videos,singing,161,https://github.com/TaiwanVtuberData/TaiwanVtuberTrackingData; https://github.com/TaiwanVtuberData/TaiwanVTuberTrackingDataArchive,2026-06-07
2022-09,false,youtube_livestreams,announcement,33,https://github.com/TaiwanVtuberData/TaiwanVtuberTrackingData; https://github.com/TaiwanVtuberData/TaiwanVTuberTrackingDataArchive,2026-06-07
2022-09,false,youtube_livestreams,asmr,11,https://github.com/TaiwanVtuberData/TaiwanVtuberTrackingData; https://github.com/TaiwanVtuberData/TaiwanVTuberTrackingDataArchive,2026-06-07
2022-09,false,youtube_livestreams,chat,158,https://github.com/TaiwanVtuberData/TaiwanVtuberTrackingData; https://github.com/TaiwanVtuberData/TaiwanVTuberTrackingDataArchive,2026-06-07
2022-09,false,youtube_livestreams,collab,24,https://github.com/TaiwanVtuberData/TaiwanVtuberTrackingData; https://github.com/TaiwanVtuberData/TaiwanVTuberTrackingDataArchive,2026-06-07
2022-09,false,youtube_livestreams,game,232,https://github.com/TaiwanVtuberData/TaiwanVtuberTrackingData; https://github.com/TaiwanVtuberData/TaiwanVTuberTrackingDataArchive,2026-06-07
2022-09,false,youtube_livestreams,other,781,https://github.com/TaiwanVtuberData/TaiwanVtuberTrackingData; https://github.com/TaiwanVtuberData/TaiwanVTuberTrackingDataArchive,2026-06-07
2022-09,false,youtube_livestreams,singing,84,https://github.com/TaiwanVtuberData/TaiwanVtuberTrackingData; https://github.com/TaiwanVtuberData/TaiwanVTuberTrackingDataArchive,2026-06-07
2022-12,false,top_videos,announcement,20,https://github.com/TaiwanVtuberData/TaiwanVtuberTrackingData; https://github.com/TaiwanVtuberData/TaiwanVTuberTrackingDataArchive,2026-06-07
2022-12,false,top_videos,asmr,55,https://github.com/TaiwanVtuberData/TaiwanVtuberTrackingData; https://github.com/TaiwanVtuberData/TaiwanVTuberTrackingDataArchive,2026-06-07
2022-12,false,top_videos,chat,94,https://github.com/TaiwanVtuberData/TaiwanVtuberTrackingData; https://github.com/TaiwanVtuberData/TaiwanVTuberTrackingDataArchive,2026-06-07
2022-12,false,top_videos,collab,23,https://github.com/TaiwanVtuberData/TaiwanVtuberTrackingData; https://github.com/TaiwanVtuberData/TaiwanVTuberTrackingDataArchive,2026-06-07
2022-12,false,top_videos,game,103,https://github.com/TaiwanVtuberData/TaiwanVtuberTrackingData; https://github.com/TaiwanVtuberData/TaiwanVTuberTrackingDataArchive,2026-06-07
2022-12,false,top_videos,other,566,https://github.com/TaiwanVtuberData/TaiwanVtuberTrackingData; https://github.com/TaiwanVtuberData/TaiwanVTuberTrackingDataArchive,2026-06-07
2022-12,false,top_videos,shorts,40,https://github.com/TaiwanVtuberData/TaiwanVtuberTrackingData; https://github.com/TaiwanVtuberData/TaiwanVTuberTrackingDataArchive,2026-06-07
2022-12,false,top_videos,singing,159,https://github.com/TaiwanVtuberData/TaiwanVtuberTrackingData; https://github.com/TaiwanVtuberData/TaiwanVTuberTrackingDataArchive,2026-06-07
2022-12,false,youtube_livestreams,announcement,15,https://github.com/TaiwanVtuberData/TaiwanVtuberTrackingData; https://github.com/TaiwanVtuberData/TaiwanVTuberTrackingDataArchive,2026-06-07
2022-12,false,youtube_livestreams,asmr,12,https://github.com/TaiwanVtuberData/TaiwanVtuberTrackingData; https://github.com/TaiwanVtuberData/TaiwanVTuberTrackingDataArchive,2026-06-07
2022-12,false,youtube_livestreams,chat,198,https://github.com/TaiwanVtuberData/TaiwanVtuberTrackingData; https://github.com/TaiwanVtuberData/TaiwanVTuberTrackingDataArchive,2026-06-07
2022-12,false,youtube_livestreams,collab,35,https://github.com/TaiwanVtuberData/TaiwanVtuberTrackingData; https://github.com/TaiwanVtuberData/TaiwanVTuberTrackingDataArchive,2026-06-07
2022-12,false,youtube_livestreams,game,165,https://github.com/TaiwanVtuberData/TaiwanVtuberTrackingData; https://github.com/TaiwanVtuberData/TaiwanVTuberTrackingDataArchive,2026-06-07
2022-12,false,youtube_livestreams,other,812,https://github.com/TaiwanVtuberData/TaiwanVtuberTrackingData; https://github.com/TaiwanVtuberData/TaiwanVTuberTrackingDataArchive,2026-06-07
2022-12,false,youtube_livestreams,singing,127,https://github.com/TaiwanVtuberData/TaiwanVtuberTrackingData; https://github.com/TaiwanVtuberData/TaiwanVTuberTrackingDataArchive,2026-06-07
2023-03,false,top_videos,announcement,26,https://github.com/TaiwanVtuberData/TaiwanVtuberTrackingData; https://github.com/TaiwanVtuberData/TaiwanVTuberTrackingDataArchive,2026-06-07
2023-03,false,top_videos,asmr,44,https://github.com/TaiwanVtuberData/TaiwanVtuberTrackingData; https://github.com/TaiwanVtuberData/TaiwanVTuberTrackingDataArchive,2026-06-07
2023-03,false,top_videos,chat,107,https://github.com/TaiwanVtuberData/TaiwanVtuberTrackingData; https://github.com/TaiwanVtuberData/TaiwanVTuberTrackingDataArchive,2026-06-07
2023-03,false,top_videos,collab,24,https://github.com/TaiwanVtuberData/TaiwanVtuberTrackingData; https://github.com/TaiwanVtuberData/TaiwanVTuberTrackingDataArchive,2026-06-07
2023-03,false,top_videos,game,137,https://github.com/TaiwanVtuberData/TaiwanVtuberTrackingData; https://github.com/TaiwanVtuberData/TaiwanVTuberTrackingDataArchive,2026-06-07
2023-03,false,top_videos,other,525,https://github.com/TaiwanVtuberData/TaiwanVtuberTrackingData; https://github.com/TaiwanVtuberData/TaiwanVTuberTrackingDataArchive,2026-06-07
2023-03,false,top_videos,shorts,26,https://github.com/TaiwanVtuberData/TaiwanVtuberTrackingData; https://github.com/TaiwanVtuberData/TaiwanVTuberTrackingDataArchive,2026-06-07
2023-03,false,top_videos,singing,166,https://github.com/TaiwanVtuberData/TaiwanVtuberTrackingData; https://github.com/TaiwanVtuberData/TaiwanVTuberTrackingDataArchive,2026-06-07
2023-03,false,youtube_livestreams,announcement,50,https://github.com/TaiwanVtuberData/TaiwanVtuberTrackingData; https://github.com/TaiwanVtuberData/TaiwanVTuberTrackingDataArchive,2026-06-07
2023-03,false,youtube_livestreams,chat,163,https://github.com/TaiwanVtuberData/TaiwanVtuberTrackingData; https://github.com/TaiwanVtuberData/TaiwanVTuberTrackingDataArchive,2026-06-07
2023-03,false,youtube_livestreams,collab,50,https://github.com/TaiwanVtuberData/TaiwanVtuberTrackingData; https://github.com/TaiwanVtuberData/TaiwanVTuberTrackingDataArchive,2026-06-07
2023-03,false,youtube_livestreams,game,172,https://github.com/TaiwanVtuberData/TaiwanVtuberTrackingData; https://github.com/TaiwanVtuberData/TaiwanVTuberTrackingDataArchive,2026-06-07
2023-03,false,youtube_livestreams,other,786,https://github.com/TaiwanVtuberData/TaiwanVtuberTrackingData; https://github.com/TaiwanVtuberData/TaiwanVTuberTrackingDataArchive,2026-06-07
2023-03,false,youtube_livestreams,singing,122,https://github.com/TaiwanVtuberData/TaiwanVtuberTrackingData; https://github.com/TaiwanVtuberData/TaiwanVTuberTrackingDataArchive,2026-06-07
2023-06,false,top_videos,announcement,41,https://github.com/TaiwanVtuberData/TaiwanVtuberTrackingData; https://github.com/TaiwanVtuberData/TaiwanVTuberTrackingDataArchive,2026-06-07
2023-06,false,top_videos,asmr,39,https://github.com/TaiwanVtuberData/TaiwanVtuberTrackingData; https://github.com/TaiwanVtuberData/TaiwanVTuberTrackingDataArchive,2026-06-07
2023-06,false,top_videos,chat,67,https://github.com/TaiwanVtuberData/TaiwanVtuberTrackingData; https://github.com/TaiwanVtuberData/TaiwanVTuberTrackingDataArchive,2026-06-07
2023-06,false,top_videos,collab,16,https://github.com/TaiwanVtuberData/TaiwanVtuberTrackingData; https://github.com/TaiwanVtuberData/TaiwanVTuberTrackingDataArchive,2026-06-07
2023-06,false,top_videos,game,102,https://github.com/TaiwanVtuberData/TaiwanVtuberTrackingData; https://github.com/TaiwanVtuberData/TaiwanVTuberTrackingDataArchive,2026-06-07
2023-06,false,top_videos,other,555,https://github.com/TaiwanVtuberData/TaiwanVtuberTrackingData; https://github.com/TaiwanVtuberData/TaiwanVTuberTrackingDataArchive,2026-06-07
2023-06,false,top_videos,shorts,63,https://github.com/TaiwanVtuberData/TaiwanVtuberTrackingData; https://github.com/TaiwanVtuberData/TaiwanVTuberTrackingDataArchive,2026-06-07
2023-06,false,top_videos,singing,156,https://github.com/TaiwanVtuberData/TaiwanVtuberTrackingData; https://github.com/TaiwanVtuberData/TaiwanVTuberTrackingDataArchive,2026-06-07
2023-06,false,youtube_livestreams,announcement,54,https://github.com/TaiwanVtuberData/TaiwanVtuberTrackingData; https://github.com/TaiwanVtuberData/TaiwanVTuberTrackingDataArchive,2026-06-07
2023-06,false,youtube_livestreams,asmr,21,https://github.com/TaiwanVtuberData/TaiwanVtuberTrackingData; https://github.com/TaiwanVtuberData/TaiwanVTuberTrackingDataArchive,2026-06-07
2023-06,false,youtube_livestreams,chat,203,https://github.com/TaiwanVtuberData/TaiwanVtuberTrackingData; https://github.com/TaiwanVtuberData/TaiwanVTuberTrackingDataArchive,2026-06-07
2023-06,false,youtube_livestreams,collab,42,https://github.com/TaiwanVtuberData/TaiwanVtuberTrackingData; https://github.com/TaiwanVtuberData/TaiwanVTuberTrackingDataArchive,2026-06-07
2023-06,false,youtube_livestreams,game,171,https://github.com/TaiwanVtuberData/TaiwanVtuberTrackingData; https://github.com/TaiwanVtuberData/TaiwanVTuberTrackingDataArchive,2026-06-07
2023-06,false,youtube_livestreams,other,943,https://github.com/TaiwanVtuberData/TaiwanVtuberTrackingData; https://github.com/TaiwanVtuberData/TaiwanVTuberTrackingDataArchive,2026-06-07
2023-06,false,youtube_livestreams,singing,114,https://github.com/TaiwanVtuberData/TaiwanVtuberTrackingData; https://github.com/TaiwanVtuberData/TaiwanVTuberTrackingDataArchive,2026-06-07
2023-09,false,top_videos,announcement,24,https://github.com/TaiwanVtuberData/TaiwanVtuberTrackingData; https://github.com/TaiwanVtuberData/TaiwanVTuberTrackingDataArchive,2026-06-07
2023-09,false,top_videos,asmr,34,https://github.com/TaiwanVtuberData/TaiwanVtuberTrackingData; https://github.com/TaiwanVtuberData/TaiwanVTuberTrackingDataArchive,2026-06-07
2023-09,false,top_videos,chat,59,https://github.com/TaiwanVtuberData/TaiwanVtuberTrackingData; https://github.com/TaiwanVtuberData/TaiwanVTuberTrackingDataArchive,2026-06-07
2023-09,false,top_videos,collab,15,https://github.com/TaiwanVtuberData/TaiwanVtuberTrackingData; https://github.com/TaiwanVtuberData/TaiwanVTuberTrackingDataArchive,2026-06-07
2023-09,false,top_videos,game,92,https://github.com/TaiwanVtuberData/TaiwanVtuberTrackingData; https://github.com/TaiwanVtuberData/TaiwanVTuberTrackingDataArchive,2026-06-07
2023-09,false,top_videos,other,524,https://github.com/TaiwanVtuberData/TaiwanVtuberTrackingData; https://github.com/TaiwanVtuberData/TaiwanVTuberTrackingDataArchive,2026-06-07
2023-09,false,top_videos,shorts,148,https://github.com/TaiwanVtuberData/TaiwanVtuberTrackingData; https://github.com/TaiwanVtuberData/TaiwanVTuberTrackingDataArchive,2026-06-07
2023-09,false,top_videos,singing,150,https://github.com/TaiwanVtuberData/TaiwanVtuberTrackingData; https://github.com/TaiwanVtuberData/TaiwanVTuberTrackingDataArchive,2026-06-07
2023-09,false,youtube_livestreams,announcement,32,https://github.com/TaiwanVtuberData/TaiwanVtuberTrackingData; https://github.com/TaiwanVtuberData/TaiwanVTuberTrackingDataArchive,2026-06-07
2023-09,false,youtube_livestreams,asmr,10,https://github.com/TaiwanVtuberData/TaiwanVtuberTrackingData; https://github.com/TaiwanVtuberData/TaiwanVTuberTrackingDataArchive,2026-06-07
2023-09,false,youtube_livestreams,chat,85,https://github.com/TaiwanVtuberData/TaiwanVtuberTrackingData; https://github.com/TaiwanVtuberData/TaiwanVTuberTrackingDataArchive,2026-06-07
2023-09,false,youtube_livestreams,collab,21,https://github.com/TaiwanVtuberData/TaiwanVtuberTrackingData; https://github.com/TaiwanVtuberData/TaiwanVTuberTrackingDataArchive,2026-06-07
2023-09,false,youtube_livestreams,game,77,https://github.com/TaiwanVtuberData/TaiwanVtuberTrackingData; https://github.com/TaiwanVtuberData/TaiwanVTuberTrackingDataArchive,2026-06-07
2023-09,false,youtube_livestreams,other,554,https://github.com/TaiwanVtuberData/TaiwanVtuberTrackingData; https://github.com/TaiwanVtuberData/TaiwanVTuberTrackingDataArchive,2026-06-07
2023-09,false,youtube_livestreams,singing,99,https://github.com/TaiwanVtuberData/TaiwanVtuberTrackingData; https://github.com/TaiwanVtuberData/TaiwanVTuberTrackingDataArchive,2026-06-07
2023-09,false,twitch_livestreams,game,16,https://github.com/TaiwanVtuberData/TaiwanVtuberTrackingData; https://github.com/TaiwanVtuberData/TaiwanVTuberTrackingDataArchive,2026-06-07
2023-09,false,twitch_livestreams,other,96,https://github.com/TaiwanVtuberData/TaiwanVtuberTrackingData; https://github.com/TaiwanVtuberData/TaiwanVTuberTrackingDataArchive,2026-06-07
2023-09,false,twitch_livestreams,singing,10,https://github.com/TaiwanVtuberData/TaiwanVtuberTrackingData; https://github.com/TaiwanVtuberData/TaiwanVTuberTrackingDataArchive,2026-06-07
2023-12,false,top_videos,announcement,28,https://github.com/TaiwanVtuberData/TaiwanVtuberTrackingData; https://github.com/TaiwanVtuberData/TaiwanVTuberTrackingDataArchive,2026-06-07
2023-12,false,top_videos,asmr,36,https://github.com/TaiwanVtuberData/TaiwanVtuberTrackingData; https://github.com/TaiwanVtuberData/TaiwanVTuberTrackingDataArchive,2026-06-07
2023-12,false,top_videos,chat,47,https://github.com/TaiwanVtuberData/TaiwanVtuberTrackingData; https://github.com/TaiwanVtuberData/TaiwanVTuberTrackingDataArchive,2026-06-07
2023-12,false,top_videos,collab,16,https://github.com/TaiwanVtuberData/TaiwanVtuberTrackingData; https://github.com/TaiwanVtuberData/TaiwanVTuberTrackingDataArchive,2026-06-07
2023-12,false,top_videos,game,103,https://github.com/TaiwanVtuberData/TaiwanVtuberTrackingData; https://github.com/TaiwanVtuberData/TaiwanVTuberTrackingDataArchive,2026-06-07
2023-12,false,top_videos,other,432,https://github.com/TaiwanVtuberData/TaiwanVtuberTrackingData; https://github.com/TaiwanVtuberData/TaiwanVTuberTrackingDataArchive,2026-06-07
2023-12,false,top_videos,shorts,200,https://github.com/TaiwanVtuberData/TaiwanVtuberTrackingData; https://github.com/TaiwanVtuberData/TaiwanVTuberTrackingDataArchive,2026-06-07
2023-12,false,top_videos,singing,222,https://github.com/TaiwanVtuberData/TaiwanVtuberTrackingData; https://github.com/TaiwanVtuberData/TaiwanVTuberTrackingDataArchive,2026-06-07
2023-12,false,youtube_livestreams,announcement,31,https://github.com/TaiwanVtuberData/TaiwanVtuberTrackingData; https://github.com/TaiwanVtuberData/TaiwanVTuberTrackingDataArchive,2026-06-07
2023-12,false,youtube_livestreams,chat,121,https://github.com/TaiwanVtuberData/TaiwanVtuberTrackingData; https://github.com/TaiwanVtuberData/TaiwanVTuberTrackingDataArchive,2026-06-07
2023-12,false,youtube_livestreams,collab,22,https://github.com/TaiwanVtuberData/TaiwanVtuberTrackingData; https://github.com/TaiwanVtuberData/TaiwanVTuberTrackingDataArchive,2026-06-07
2023-12,false,youtube_livestreams,game,65,https://github.com/TaiwanVtuberData/TaiwanVtuberTrackingData; https://github.com/TaiwanVtuberData/TaiwanVTuberTrackingDataArchive,2026-06-07
2023-12,false,youtube_livestreams,other,548,https://github.com/TaiwanVtuberData/TaiwanVtuberTrackingData; https://github.com/TaiwanVtuberData/TaiwanVTuberTrackingDataArchive,2026-06-07
2023-12,false,youtube_livestreams,shorts,18,https://github.com/TaiwanVtuberData/TaiwanVtuberTrackingData; https://github.com/TaiwanVtuberData/TaiwanVTuberTrackingDataArchive,2026-06-07
2023-12,false,youtube_livestreams,singing,122,https://github.com/TaiwanVtuberData/TaiwanVtuberTrackingData; https://github.com/TaiwanVtuberData/TaiwanVTuberTrackingDataArchive,2026-06-07
2023-12,false,twitch_livestreams,chat,27,https://github.com/TaiwanVtuberData/TaiwanVtuberTrackingData; https://github.com/TaiwanVtuberData/TaiwanVTuberTrackingDataArchive,2026-06-07
2023-12,false,twitch_livestreams,game,24,https://github.com/TaiwanVtuberData/TaiwanVtuberTrackingData; https://github.com/TaiwanVtuberData/TaiwanVTuberTrackingDataArchive,2026-06-07
2023-12,false,twitch_livestreams,other,198,https://github.com/TaiwanVtuberData/TaiwanVtuberTrackingData; https://github.com/TaiwanVtuberData/TaiwanVTuberTrackingDataArchive,2026-06-07
2023-12,false,twitch_livestreams,singing,30,https://github.com/TaiwanVtuberData/TaiwanVtuberTrackingData; https://github.com/TaiwanVtuberData/TaiwanVTuberTrackingDataArchive,2026-06-07
2024-03,false,top_videos,announcement,43,https://github.com/TaiwanVtuberData/TaiwanVtuberTrackingData; https://github.com/TaiwanVtuberData/TaiwanVTuberTrackingDataArchive,2026-06-07
2024-03,false,top_videos,asmr,29,https://github.com/TaiwanVtuberData/TaiwanVtuberTrackingData; https://github.com/TaiwanVtuberData/TaiwanVTuberTrackingDataArchive,2026-06-07
2024-03,false,top_videos,chat,56,https://github.com/TaiwanVtuberData/TaiwanVtuberTrackingData; https://github.com/TaiwanVtuberData/TaiwanVTuberTrackingDataArchive,2026-06-07
2024-03,false,top_videos,collab,11,https://github.com/TaiwanVtuberData/TaiwanVtuberTrackingData; https://github.com/TaiwanVtuberData/TaiwanVTuberTrackingDataArchive,2026-06-07
2024-03,false,top_videos,game,95,https://github.com/TaiwanVtuberData/TaiwanVtuberTrackingData; https://github.com/TaiwanVtuberData/TaiwanVTuberTrackingDataArchive,2026-06-07
2024-03,false,top_videos,other,479,https://github.com/TaiwanVtuberData/TaiwanVtuberTrackingData; https://github.com/TaiwanVtuberData/TaiwanVTuberTrackingDataArchive,2026-06-07
2024-03,false,top_videos,shorts,202,https://github.com/TaiwanVtuberData/TaiwanVtuberTrackingData; https://github.com/TaiwanVtuberData/TaiwanVTuberTrackingDataArchive,2026-06-07
2024-03,false,top_videos,singing,169,https://github.com/TaiwanVtuberData/TaiwanVtuberTrackingData; https://github.com/TaiwanVtuberData/TaiwanVTuberTrackingDataArchive,2026-06-07
2024-03,false,youtube_livestreams,announcement,63,https://github.com/TaiwanVtuberData/TaiwanVtuberTrackingData; https://github.com/TaiwanVtuberData/TaiwanVTuberTrackingDataArchive,2026-06-07
2024-03,false,youtube_livestreams,asmr,10,https://github.com/TaiwanVtuberData/TaiwanVtuberTrackingData; https://github.com/TaiwanVtuberData/TaiwanVTuberTrackingDataArchive,2026-06-07
2024-03,false,youtube_livestreams,chat,103,https://github.com/TaiwanVtuberData/TaiwanVtuberTrackingData; https://github.com/TaiwanVtuberData/TaiwanVTuberTrackingDataArchive,2026-06-07
2024-03,false,youtube_livestreams,collab,34,https://github.com/TaiwanVtuberData/TaiwanVtuberTrackingData; https://github.com/TaiwanVtuberData/TaiwanVTuberTrackingDataArchive,2026-06-07
2024-03,false,youtube_livestreams,game,98,https://github.com/TaiwanVtuberData/TaiwanVtuberTrackingData; https://github.com/TaiwanVtuberData/TaiwanVTuberTrackingDataArchive,2026-06-07
2024-03,false,youtube_livestreams,other,591,https://github.com/TaiwanVtuberData/TaiwanVtuberTrackingData; https://github.com/TaiwanVtuberData/TaiwanVTuberTrackingDataArchive,2026-06-07
2024-03,false,youtube_livestreams,shorts,28,https://github.com/TaiwanVtuberData/TaiwanVtuberTrackingData; https://github.com/TaiwanVtuberData/TaiwanVTuberTrackingDataArchive,2026-06-07
2024-03,false,youtube_livestreams,singing,88,https://github.com/TaiwanVtuberData/TaiwanVtuberTrackingData; https://github.com/TaiwanVtuberData/TaiwanVTuberTrackingDataArchive,2026-06-07
2024-03,false,twitch_livestreams,game,23,https://github.com/TaiwanVtuberData/TaiwanVtuberTrackingData; https://github.com/TaiwanVtuberData/TaiwanVTuberTrackingDataArchive,2026-06-07
2024-03,false,twitch_livestreams,other,100,https://github.com/TaiwanVtuberData/TaiwanVtuberTrackingData; https://github.com/TaiwanVtuberData/TaiwanVTuberTrackingDataArchive,2026-06-07
2024-03,false,twitch_livestreams,singing,11,https://github.com/TaiwanVtuberData/TaiwanVtuberTrackingData; https://github.com/TaiwanVtuberData/TaiwanVTuberTrackingDataArchive,2026-06-07
2024-06,false,top_videos,announcement,34,https://github.com/TaiwanVtuberData/TaiwanVtuberTrackingData; https://github.com/TaiwanVtuberData/TaiwanVTuberTrackingDataArchive,2026-06-07
2024-06,false,top_videos,asmr,33,https://github.com/TaiwanVtuberData/TaiwanVtuberTrackingData; https://github.com/TaiwanVtuberData/TaiwanVTuberTrackingDataArchive,2026-06-07
2024-06,false,top_videos,chat,62,https://github.com/TaiwanVtuberData/TaiwanVtuberTrackingData; https://github.com/TaiwanVtuberData/TaiwanVTuberTrackingDataArchive,2026-06-07
2024-06,false,top_videos,collab,15,https://github.com/TaiwanVtuberData/TaiwanVtuberTrackingData; https://github.com/TaiwanVtuberData/TaiwanVTuberTrackingDataArchive,2026-06-07
2024-06,false,top_videos,game,126,https://github.com/TaiwanVtuberData/TaiwanVtuberTrackingData; https://github.com/TaiwanVtuberData/TaiwanVTuberTrackingDataArchive,2026-06-07
2024-06,false,top_videos,other,467,https://github.com/TaiwanVtuberData/TaiwanVtuberTrackingData; https://github.com/TaiwanVtuberData/TaiwanVTuberTrackingDataArchive,2026-06-07
2024-06,false,top_videos,shorts,176,https://github.com/TaiwanVtuberData/TaiwanVtuberTrackingData; https://github.com/TaiwanVtuberData/TaiwanVTuberTrackingDataArchive,2026-06-07
2024-06,false,top_videos,singing,149,https://github.com/TaiwanVtuberData/TaiwanVtuberTrackingData; https://github.com/TaiwanVtuberData/TaiwanVTuberTrackingDataArchive,2026-06-07
2024-06,false,youtube_livestreams,announcement,43,https://github.com/TaiwanVtuberData/TaiwanVtuberTrackingData; https://github.com/TaiwanVtuberData/TaiwanVTuberTrackingDataArchive,2026-06-07
2024-06,false,youtube_livestreams,asmr,12,https://github.com/TaiwanVtuberData/TaiwanVtuberTrackingData; https://github.com/TaiwanVtuberData/TaiwanVTuberTrackingDataArchive,2026-06-07
2024-06,false,youtube_livestreams,chat,94,https://github.com/TaiwanVtuberData/TaiwanVtuberTrackingData; https://github.com/TaiwanVtuberData/TaiwanVTuberTrackingDataArchive,2026-06-07
2024-06,false,youtube_livestreams,collab,27,https://github.com/TaiwanVtuberData/TaiwanVtuberTrackingData; https://github.com/TaiwanVtuberData/TaiwanVTuberTrackingDataArchive,2026-06-07
2024-06,false,youtube_livestreams,game,88,https://github.com/TaiwanVtuberData/TaiwanVtuberTrackingData; https://github.com/TaiwanVtuberData/TaiwanVTuberTrackingDataArchive,2026-06-07
2024-06,false,youtube_livestreams,other,523,https://github.com/TaiwanVtuberData/TaiwanVtuberTrackingData; https://github.com/TaiwanVtuberData/TaiwanVTuberTrackingDataArchive,2026-06-07
2024-06,false,youtube_livestreams,shorts,16,https://github.com/TaiwanVtuberData/TaiwanVtuberTrackingData; https://github.com/TaiwanVtuberData/TaiwanVTuberTrackingDataArchive,2026-06-07
2024-06,false,youtube_livestreams,singing,83,https://github.com/TaiwanVtuberData/TaiwanVtuberTrackingData; https://github.com/TaiwanVtuberData/TaiwanVTuberTrackingDataArchive,2026-06-07
2024-06,false,twitch_livestreams,game,15,https://github.com/TaiwanVtuberData/TaiwanVtuberTrackingData; https://github.com/TaiwanVtuberData/TaiwanVTuberTrackingDataArchive,2026-06-07
2024-06,false,twitch_livestreams,other,127,https://github.com/TaiwanVtuberData/TaiwanVtuberTrackingData; https://github.com/TaiwanVtuberData/TaiwanVTuberTrackingDataArchive,2026-06-07
2024-06,false,twitch_livestreams,singing,10,https://github.com/TaiwanVtuberData/TaiwanVtuberTrackingData; https://github.com/TaiwanVtuberData/TaiwanVTuberTrackingDataArchive,2026-06-07
2024-09,false,top_videos,announcement,50,https://github.com/TaiwanVtuberData/TaiwanVtuberTrackingData; https://github.com/TaiwanVtuberData/TaiwanVTuberTrackingDataArchive,2026-06-07
2024-09,false,top_videos,asmr,19,https://github.com/TaiwanVtuberData/TaiwanVtuberTrackingData; https://github.com/TaiwanVtuberData/TaiwanVTuberTrackingDataArchive,2026-06-07
2024-09,false,top_videos,chat,44,https://github.com/TaiwanVtuberData/TaiwanVtuberTrackingData; https://github.com/TaiwanVtuberData/TaiwanVTuberTrackingDataArchive,2026-06-07
2024-09,false,top_videos,collab,22,https://github.com/TaiwanVtuberData/TaiwanVtuberTrackingData; https://github.com/TaiwanVtuberData/TaiwanVTuberTrackingDataArchive,2026-06-07
2024-09,false,top_videos,game,139,https://github.com/TaiwanVtuberData/TaiwanVtuberTrackingData; https://github.com/TaiwanVtuberData/TaiwanVTuberTrackingDataArchive,2026-06-07
2024-09,false,top_videos,other,520,https://github.com/TaiwanVtuberData/TaiwanVtuberTrackingData; https://github.com/TaiwanVtuberData/TaiwanVTuberTrackingDataArchive,2026-06-07
2024-09,false,top_videos,shorts,137,https://github.com/TaiwanVtuberData/TaiwanVtuberTrackingData; https://github.com/TaiwanVtuberData/TaiwanVTuberTrackingDataArchive,2026-06-07
2024-09,false,top_videos,singing,138,https://github.com/TaiwanVtuberData/TaiwanVtuberTrackingData; https://github.com/TaiwanVtuberData/TaiwanVTuberTrackingDataArchive,2026-06-07
2024-09,false,youtube_livestreams,announcement,24,https://github.com/TaiwanVtuberData/TaiwanVtuberTrackingData; https://github.com/TaiwanVtuberData/TaiwanVTuberTrackingDataArchive,2026-06-07
2024-09,false,youtube_livestreams,asmr,18,https://github.com/TaiwanVtuberData/TaiwanVtuberTrackingData; https://github.com/TaiwanVtuberData/TaiwanVTuberTrackingDataArchive,2026-06-07
2024-09,false,youtube_livestreams,chat,130,https://github.com/TaiwanVtuberData/TaiwanVtuberTrackingData; https://github.com/TaiwanVtuberData/TaiwanVTuberTrackingDataArchive,2026-06-07
2024-09,false,youtube_livestreams,collab,25,https://github.com/TaiwanVtuberData/TaiwanVtuberTrackingData; https://github.com/TaiwanVtuberData/TaiwanVTuberTrackingDataArchive,2026-06-07
2024-09,false,youtube_livestreams,game,103,https://github.com/TaiwanVtuberData/TaiwanVtuberTrackingData; https://github.com/TaiwanVtuberData/TaiwanVTuberTrackingDataArchive,2026-06-07
2024-09,false,youtube_livestreams,other,595,https://github.com/TaiwanVtuberData/TaiwanVtuberTrackingData; https://github.com/TaiwanVtuberData/TaiwanVTuberTrackingDataArchive,2026-06-07
2024-09,false,youtube_livestreams,shorts,19,https://github.com/TaiwanVtuberData/TaiwanVtuberTrackingData; https://github.com/TaiwanVtuberData/TaiwanVTuberTrackingDataArchive,2026-06-07
2024-09,false,youtube_livestreams,singing,95,https://github.com/TaiwanVtuberData/TaiwanVtuberTrackingData; https://github.com/TaiwanVtuberData/TaiwanVTuberTrackingDataArchive,2026-06-07
2024-09,false,twitch_livestreams,game,17,https://github.com/TaiwanVtuberData/TaiwanVtuberTrackingData; https://github.com/TaiwanVtuberData/TaiwanVTuberTrackingDataArchive,2026-06-07
2024-09,false,twitch_livestreams,other,106,https://github.com/TaiwanVtuberData/TaiwanVtuberTrackingData; https://github.com/TaiwanVtuberData/TaiwanVTuberTrackingDataArchive,2026-06-07
2024-12,false,top_videos,announcement,29,https://github.com/TaiwanVtuberData/TaiwanVtuberTrackingData; https://github.com/TaiwanVtuberData/TaiwanVTuberTrackingDataArchive,2026-06-07
2024-12,false,top_videos,asmr,38,https://github.com/TaiwanVtuberData/TaiwanVtuberTrackingData; https://github.com/TaiwanVtuberData/TaiwanVTuberTrackingDataArchive,2026-06-07
2024-12,false,top_videos,chat,48,https://github.com/TaiwanVtuberData/TaiwanVtuberTrackingData; https://github.com/TaiwanVtuberData/TaiwanVTuberTrackingDataArchive,2026-06-07
2024-12,false,top_videos,collab,20,https://github.com/TaiwanVtuberData/TaiwanVtuberTrackingData; https://github.com/TaiwanVtuberData/TaiwanVTuberTrackingDataArchive,2026-06-07
2024-12,false,top_videos,game,108,https://github.com/TaiwanVtuberData/TaiwanVtuberTrackingData; https://github.com/TaiwanVtuberData/TaiwanVTuberTrackingDataArchive,2026-06-07
2024-12,false,top_videos,other,514,https://github.com/TaiwanVtuberData/TaiwanVtuberTrackingData; https://github.com/TaiwanVtuberData/TaiwanVTuberTrackingDataArchive,2026-06-07
2024-12,false,top_videos,shorts,136,https://github.com/TaiwanVtuberData/TaiwanVtuberTrackingData; https://github.com/TaiwanVtuberData/TaiwanVTuberTrackingDataArchive,2026-06-07
2024-12,false,top_videos,singing,150,https://github.com/TaiwanVtuberData/TaiwanVtuberTrackingData; https://github.com/TaiwanVtuberData/TaiwanVTuberTrackingDataArchive,2026-06-07
2024-12,false,youtube_livestreams,announcement,43,https://github.com/TaiwanVtuberData/TaiwanVtuberTrackingData; https://github.com/TaiwanVtuberData/TaiwanVTuberTrackingDataArchive,2026-06-07
2024-12,false,youtube_livestreams,chat,158,https://github.com/TaiwanVtuberData/TaiwanVtuberTrackingData; https://github.com/TaiwanVtuberData/TaiwanVTuberTrackingDataArchive,2026-06-07
2024-12,false,youtube_livestreams,collab,22,https://github.com/TaiwanVtuberData/TaiwanVtuberTrackingData; https://github.com/TaiwanVtuberData/TaiwanVTuberTrackingDataArchive,2026-06-07
2024-12,false,youtube_livestreams,game,92,https://github.com/TaiwanVtuberData/TaiwanVtuberTrackingData; https://github.com/TaiwanVtuberData/TaiwanVTuberTrackingDataArchive,2026-06-07
2024-12,false,youtube_livestreams,other,727,https://github.com/TaiwanVtuberData/TaiwanVtuberTrackingData; https://github.com/TaiwanVtuberData/TaiwanVTuberTrackingDataArchive,2026-06-07
2024-12,false,youtube_livestreams,singing,118,https://github.com/TaiwanVtuberData/TaiwanVtuberTrackingData; https://github.com/TaiwanVtuberData/TaiwanVTuberTrackingDataArchive,2026-06-07
2024-12,false,twitch_livestreams,chat,39,https://github.com/TaiwanVtuberData/TaiwanVtuberTrackingData; https://github.com/TaiwanVtuberData/TaiwanVTuberTrackingDataArchive,2026-06-07
2024-12,false,twitch_livestreams,game,20,https://github.com/TaiwanVtuberData/TaiwanVtuberTrackingData; https://github.com/TaiwanVtuberData/TaiwanVTuberTrackingDataArchive,2026-06-07
2024-12,false,twitch_livestreams,other,249,https://github.com/TaiwanVtuberData/TaiwanVtuberTrackingData; https://github.com/TaiwanVtuberData/TaiwanVTuberTrackingDataArchive,2026-06-07
2024-12,false,twitch_livestreams,singing,37,https://github.com/TaiwanVtuberData/TaiwanVtuberTrackingData; https://github.com/TaiwanVtuberData/TaiwanVTuberTrackingDataArchive,2026-06-07
2025-03,false,top_videos,announcement,30,https://github.com/TaiwanVtuberData/TaiwanVtuberTrackingData; https://github.com/TaiwanVtuberData/TaiwanVTuberTrackingDataArchive,2026-06-07
2025-03,false,top_videos,asmr,28,https://github.com/TaiwanVtuberData/TaiwanVtuberTrackingData; https://github.com/TaiwanVtuberData/TaiwanVTuberTrackingDataArchive,2026-06-07
2025-03,false,top_videos,chat,55,https://github.com/TaiwanVtuberData/TaiwanVtuberTrackingData; https://github.com/TaiwanVtuberData/TaiwanVTuberTrackingDataArchive,2026-06-07
2025-03,false,top_videos,collab,33,https://github.com/TaiwanVtuberData/TaiwanVtuberTrackingData; https://github.com/TaiwanVtuberData/TaiwanVTuberTrackingDataArchive,2026-06-07
2025-03,false,top_videos,game,78,https://github.com/TaiwanVtuberData/TaiwanVtuberTrackingData; https://github.com/TaiwanVtuberData/TaiwanVTuberTrackingDataArchive,2026-06-07
2025-03,false,top_videos,other,588,https://github.com/TaiwanVtuberData/TaiwanVtuberTrackingData; https://github.com/TaiwanVtuberData/TaiwanVTuberTrackingDataArchive,2026-06-07
2025-03,false,top_videos,shorts,115,https://github.com/TaiwanVtuberData/TaiwanVtuberTrackingData; https://github.com/TaiwanVtuberData/TaiwanVTuberTrackingDataArchive,2026-06-07
2025-03,false,top_videos,singing,134,https://github.com/TaiwanVtuberData/TaiwanVtuberTrackingData; https://github.com/TaiwanVtuberData/TaiwanVTuberTrackingDataArchive,2026-06-07
2025-03,false,youtube_livestreams,announcement,44,https://github.com/TaiwanVtuberData/TaiwanVtuberTrackingData; https://github.com/TaiwanVtuberData/TaiwanVTuberTrackingDataArchive,2026-06-07
2025-03,false,youtube_livestreams,chat,134,https://github.com/TaiwanVtuberData/TaiwanVtuberTrackingData; https://github.com/TaiwanVtuberData/TaiwanVTuberTrackingDataArchive,2026-06-07
2025-03,false,youtube_livestreams,collab,36,https://github.com/TaiwanVtuberData/TaiwanVtuberTrackingData; https://github.com/TaiwanVtuberData/TaiwanVTuberTrackingDataArchive,2026-06-07
2025-03,false,youtube_livestreams,game,102,https://github.com/TaiwanVtuberData/TaiwanVtuberTrackingData; https://github.com/TaiwanVtuberData/TaiwanVTuberTrackingDataArchive,2026-06-07
2025-03,false,youtube_livestreams,other,664,https://github.com/TaiwanVtuberData/TaiwanVtuberTrackingData; https://github.com/TaiwanVtuberData/TaiwanVTuberTrackingDataArchive,2026-06-07
2025-03,false,youtube_livestreams,singing,108,https://github.com/TaiwanVtuberData/TaiwanVtuberTrackingData; https://github.com/TaiwanVtuberData/TaiwanVTuberTrackingDataArchive,2026-06-07
2025-03,false,twitch_livestreams,chat,16,https://github.com/TaiwanVtuberData/TaiwanVtuberTrackingData; https://github.com/TaiwanVtuberData/TaiwanVTuberTrackingDataArchive,2026-06-07
2025-03,false,twitch_livestreams,game,16,https://github.com/TaiwanVtuberData/TaiwanVtuberTrackingData; https://github.com/TaiwanVtuberData/TaiwanVTuberTrackingDataArchive,2026-06-07
2025-03,false,twitch_livestreams,other,116,https://github.com/TaiwanVtuberData/TaiwanVtuberTrackingData; https://github.com/TaiwanVtuberData/TaiwanVTuberTrackingDataArchive,2026-06-07
2025-03,false,twitch_livestreams,singing,10,https://github.com/TaiwanVtuberData/TaiwanVtuberTrackingData; https://github.com/TaiwanVtuberData/TaiwanVTuberTrackingDataArchive,2026-06-07
2025-06,false,top_videos,announcement,14,https://github.com/TaiwanVtuberData/TaiwanVtuberTrackingData; https://github.com/TaiwanVtuberData/TaiwanVTuberTrackingDataArchive,2026-06-07
2025-06,false,top_videos,asmr,21,https://github.com/TaiwanVtuberData/TaiwanVtuberTrackingData; https://github.com/TaiwanVtuberData/TaiwanVTuberTrackingDataArchive,2026-06-07
2025-06,false,top_videos,chat,31,https://github.com/TaiwanVtuberData/TaiwanVtuberTrackingData; https://github.com/TaiwanVtuberData/TaiwanVTuberTrackingDataArchive,2026-06-07
2025-06,false,top_videos,collab,22,https://github.com/TaiwanVtuberData/TaiwanVtuberTrackingData; https://github.com/TaiwanVtuberData/TaiwanVTuberTrackingDataArchive,2026-06-07
2025-06,false,top_videos,game,109,https://github.com/TaiwanVtuberData/TaiwanVtuberTrackingData; https://github.com/TaiwanVtuberData/TaiwanVTuberTrackingDataArchive,2026-06-07
2025-06,false,top_videos,other,530,https://github.com/TaiwanVtuberData/TaiwanVtuberTrackingData; https://github.com/TaiwanVtuberData/TaiwanVTuberTrackingDataArchive,2026-06-07
2025-06,false,top_videos,shorts,240,https://github.com/TaiwanVtuberData/TaiwanVtuberTrackingData; https://github.com/TaiwanVtuberData/TaiwanVTuberTrackingDataArchive,2026-06-07
2025-06,false,top_videos,singing,83,https://github.com/TaiwanVtuberData/TaiwanVtuberTrackingData; https://github.com/TaiwanVtuberData/TaiwanVTuberTrackingDataArchive,2026-06-07
2025-06,false,youtube_livestreams,announcement,37,https://github.com/TaiwanVtuberData/TaiwanVtuberTrackingData; https://github.com/TaiwanVtuberData/TaiwanVTuberTrackingDataArchive,2026-06-07
2025-06,false,youtube_livestreams,asmr,18,https://github.com/TaiwanVtuberData/TaiwanVtuberTrackingData; https://github.com/TaiwanVtuberData/TaiwanVTuberTrackingDataArchive,2026-06-07
2025-06,false,youtube_livestreams,chat,154,https://github.com/TaiwanVtuberData/TaiwanVtuberTrackingData; https://github.com/TaiwanVtuberData/TaiwanVTuberTrackingDataArchive,2026-06-07
2025-06,false,youtube_livestreams,collab,34,https://github.com/TaiwanVtuberData/TaiwanVtuberTrackingData; https://github.com/TaiwanVtuberData/TaiwanVTuberTrackingDataArchive,2026-06-07
2025-06,false,youtube_livestreams,game,112,https://github.com/TaiwanVtuberData/TaiwanVtuberTrackingData; https://github.com/TaiwanVtuberData/TaiwanVTuberTrackingDataArchive,2026-06-07
2025-06,false,youtube_livestreams,other,610,https://github.com/TaiwanVtuberData/TaiwanVtuberTrackingData; https://github.com/TaiwanVtuberData/TaiwanVTuberTrackingDataArchive,2026-06-07
2025-06,false,youtube_livestreams,singing,86,https://github.com/TaiwanVtuberData/TaiwanVtuberTrackingData; https://github.com/TaiwanVtuberData/TaiwanVTuberTrackingDataArchive,2026-06-07
2025-06,false,twitch_livestreams,chat,14,https://github.com/TaiwanVtuberData/TaiwanVtuberTrackingData; https://github.com/TaiwanVtuberData/TaiwanVTuberTrackingDataArchive,2026-06-07
2025-06,false,twitch_livestreams,game,17,https://github.com/TaiwanVtuberData/TaiwanVtuberTrackingData; https://github.com/TaiwanVtuberData/TaiwanVTuberTrackingDataArchive,2026-06-07
2025-06,false,twitch_livestreams,other,122,https://github.com/TaiwanVtuberData/TaiwanVtuberTrackingData; https://github.com/TaiwanVtuberData/TaiwanVTuberTrackingDataArchive,2026-06-07
2025-06,false,twitch_livestreams,singing,13,https://github.com/TaiwanVtuberData/TaiwanVtuberTrackingData; https://github.com/TaiwanVtuberData/TaiwanVTuberTrackingDataArchive,2026-06-07
2025-09,false,top_videos,announcement,13,https://github.com/TaiwanVtuberData/TaiwanVtuberTrackingData; https://github.com/TaiwanVtuberData/TaiwanVTuberTrackingDataArchive,2026-06-07
2025-09,false,top_videos,asmr,23,https://github.com/TaiwanVtuberData/TaiwanVtuberTrackingData; https://github.com/TaiwanVtuberData/TaiwanVTuberTrackingDataArchive,2026-06-07
2025-09,false,top_videos,chat,20,https://github.com/TaiwanVtuberData/TaiwanVtuberTrackingData; https://github.com/TaiwanVtuberData/TaiwanVTuberTrackingDataArchive,2026-06-07
2025-09,false,top_videos,game,155,https://github.com/TaiwanVtuberData/TaiwanVtuberTrackingData; https://github.com/TaiwanVtuberData/TaiwanVTuberTrackingDataArchive,2026-06-07
2025-09,false,top_videos,other,531,https://github.com/TaiwanVtuberData/TaiwanVtuberTrackingData; https://github.com/TaiwanVtuberData/TaiwanVTuberTrackingDataArchive,2026-06-07
2025-09,false,top_videos,shorts,216,https://github.com/TaiwanVtuberData/TaiwanVtuberTrackingData; https://github.com/TaiwanVtuberData/TaiwanVTuberTrackingDataArchive,2026-06-07
2025-09,false,top_videos,singing,127,https://github.com/TaiwanVtuberData/TaiwanVtuberTrackingData; https://github.com/TaiwanVtuberData/TaiwanVTuberTrackingDataArchive,2026-06-07
2025-09,false,youtube_livestreams,announcement,43,https://github.com/TaiwanVtuberData/TaiwanVtuberTrackingData; https://github.com/TaiwanVtuberData/TaiwanVTuberTrackingDataArchive,2026-06-07
2025-09,false,youtube_livestreams,asmr,13,https://github.com/TaiwanVtuberData/TaiwanVtuberTrackingData; https://github.com/TaiwanVtuberData/TaiwanVTuberTrackingDataArchive,2026-06-07
2025-09,false,youtube_livestreams,chat,121,https://github.com/TaiwanVtuberData/TaiwanVtuberTrackingData; https://github.com/TaiwanVtuberData/TaiwanVTuberTrackingDataArchive,2026-06-07
2025-09,false,youtube_livestreams,collab,31,https://github.com/TaiwanVtuberData/TaiwanVtuberTrackingData; https://github.com/TaiwanVtuberData/TaiwanVTuberTrackingDataArchive,2026-06-07
2025-09,false,youtube_livestreams,game,153,https://github.com/TaiwanVtuberData/TaiwanVtuberTrackingData; https://github.com/TaiwanVtuberData/TaiwanVTuberTrackingDataArchive,2026-06-07
2025-09,false,youtube_livestreams,other,734,https://github.com/TaiwanVtuberData/TaiwanVtuberTrackingData; https://github.com/TaiwanVtuberData/TaiwanVTuberTrackingDataArchive,2026-06-07
2025-09,false,youtube_livestreams,singing,143,https://github.com/TaiwanVtuberData/TaiwanVtuberTrackingData; https://github.com/TaiwanVtuberData/TaiwanVTuberTrackingDataArchive,2026-06-07
2025-09,false,twitch_livestreams,chat,11,https://github.com/TaiwanVtuberData/TaiwanVtuberTrackingData; https://github.com/TaiwanVtuberData/TaiwanVTuberTrackingDataArchive,2026-06-07
2025-09,false,twitch_livestreams,game,21,https://github.com/TaiwanVtuberData/TaiwanVtuberTrackingData; https://github.com/TaiwanVtuberData/TaiwanVTuberTrackingDataArchive,2026-06-07
2025-09,false,twitch_livestreams,other,127,https://github.com/TaiwanVtuberData/TaiwanVtuberTrackingData; https://github.com/TaiwanVtuberData/TaiwanVTuberTrackingDataArchive,2026-06-07
2025-09,false,twitch_livestreams,singing,14,https://github.com/TaiwanVtuberData/TaiwanVtuberTrackingData; https://github.com/TaiwanVtuberData/TaiwanVTuberTrackingDataArchive,2026-06-07
2025-12,false,top_videos,announcement,23,https://github.com/TaiwanVtuberData/TaiwanVtuberTrackingData; https://github.com/TaiwanVtuberData/TaiwanVTuberTrackingDataArchive,2026-06-07
2025-12,false,top_videos,asmr,40,https://github.com/TaiwanVtuberData/TaiwanVtuberTrackingData; https://github.com/TaiwanVtuberData/TaiwanVTuberTrackingDataArchive,2026-06-07
2025-12,false,top_videos,chat,27,https://github.com/TaiwanVtuberData/TaiwanVtuberTrackingData; https://github.com/TaiwanVtuberData/TaiwanVTuberTrackingDataArchive,2026-06-07
2025-12,false,top_videos,collab,16,https://github.com/TaiwanVtuberData/TaiwanVtuberTrackingData; https://github.com/TaiwanVtuberData/TaiwanVTuberTrackingDataArchive,2026-06-07
2025-12,false,top_videos,game,101,https://github.com/TaiwanVtuberData/TaiwanVtuberTrackingData; https://github.com/TaiwanVtuberData/TaiwanVTuberTrackingDataArchive,2026-06-07
2025-12,false,top_videos,other,606,https://github.com/TaiwanVtuberData/TaiwanVtuberTrackingData; https://github.com/TaiwanVtuberData/TaiwanVTuberTrackingDataArchive,2026-06-07
2025-12,false,top_videos,shorts,148,https://github.com/TaiwanVtuberData/TaiwanVtuberTrackingData; https://github.com/TaiwanVtuberData/TaiwanVTuberTrackingDataArchive,2026-06-07
2025-12,false,top_videos,singing,91,https://github.com/TaiwanVtuberData/TaiwanVtuberTrackingData; https://github.com/TaiwanVtuberData/TaiwanVTuberTrackingDataArchive,2026-06-07
2025-12,false,youtube_livestreams,announcement,38,https://github.com/TaiwanVtuberData/TaiwanVtuberTrackingData; https://github.com/TaiwanVtuberData/TaiwanVTuberTrackingDataArchive,2026-06-07
2025-12,false,youtube_livestreams,asmr,16,https://github.com/TaiwanVtuberData/TaiwanVtuberTrackingData; https://github.com/TaiwanVtuberData/TaiwanVTuberTrackingDataArchive,2026-06-07
2025-12,false,youtube_livestreams,chat,195,https://github.com/TaiwanVtuberData/TaiwanVtuberTrackingData; https://github.com/TaiwanVtuberData/TaiwanVTuberTrackingDataArchive,2026-06-07
2025-12,false,youtube_livestreams,collab,22,https://github.com/TaiwanVtuberData/TaiwanVtuberTrackingData; https://github.com/TaiwanVtuberData/TaiwanVTuberTrackingDataArchive,2026-06-07
2025-12,false,youtube_livestreams,game,111,https://github.com/TaiwanVtuberData/TaiwanVtuberTrackingData; https://github.com/TaiwanVtuberData/TaiwanVTuberTrackingDataArchive,2026-06-07
2025-12,false,youtube_livestreams,other,762,https://github.com/TaiwanVtuberData/TaiwanVtuberTrackingData; https://github.com/TaiwanVtuberData/TaiwanVTuberTrackingDataArchive,2026-06-07
2025-12,false,youtube_livestreams,singing,153,https://github.com/TaiwanVtuberData/TaiwanVtuberTrackingData; https://github.com/TaiwanVtuberData/TaiwanVTuberTrackingDataArchive,2026-06-07
2025-12,false,twitch_livestreams,chat,48,https://github.com/TaiwanVtuberData/TaiwanVtuberTrackingData; https://github.com/TaiwanVtuberData/TaiwanVTuberTrackingDataArchive,2026-06-07
2025-12,false,twitch_livestreams,game,34,https://github.com/TaiwanVtuberData/TaiwanVtuberTrackingData; https://github.com/TaiwanVtuberData/TaiwanVTuberTrackingDataArchive,2026-06-07
2025-12,false,twitch_livestreams,other,264,https://github.com/TaiwanVtuberData/TaiwanVtuberTrackingData; https://github.com/TaiwanVtuberData/TaiwanVTuberTrackingDataArchive,2026-06-07
2025-12,false,twitch_livestreams,singing,39,https://github.com/TaiwanVtuberData/TaiwanVtuberTrackingData; https://github.com/TaiwanVtuberData/TaiwanVTuberTrackingDataArchive,2026-06-07
2026-03,false,top_videos,announcement,13,https://github.com/TaiwanVtuberData/TaiwanVtuberTrackingData; https://github.com/TaiwanVtuberData/TaiwanVTuberTrackingDataArchive,2026-06-07
2026-03,false,top_videos,asmr,24,https://github.com/TaiwanVtuberData/TaiwanVtuberTrackingData; https://github.com/TaiwanVtuberData/TaiwanVTuberTrackingDataArchive,2026-06-07
2026-03,false,top_videos,chat,43,https://github.com/TaiwanVtuberData/TaiwanVtuberTrackingData; https://github.com/TaiwanVtuberData/TaiwanVTuberTrackingDataArchive,2026-06-07
2026-03,false,top_videos,collab,21,https://github.com/TaiwanVtuberData/TaiwanVtuberTrackingData; https://github.com/TaiwanVtuberData/TaiwanVTuberTrackingDataArchive,2026-06-07
2026-03,false,top_videos,game,98,https://github.com/TaiwanVtuberData/TaiwanVtuberTrackingData; https://github.com/TaiwanVtuberData/TaiwanVTuberTrackingDataArchive,2026-06-07
2026-03,false,top_videos,other,594,https://github.com/TaiwanVtuberData/TaiwanVtuberTrackingData; https://github.com/TaiwanVtuberData/TaiwanVTuberTrackingDataArchive,2026-06-07
2026-03,false,top_videos,shorts,143,https://github.com/TaiwanVtuberData/TaiwanVtuberTrackingData; https://github.com/TaiwanVtuberData/TaiwanVTuberTrackingDataArchive,2026-06-07
2026-03,false,top_videos,singing,109,https://github.com/TaiwanVtuberData/TaiwanVtuberTrackingData; https://github.com/TaiwanVtuberData/TaiwanVTuberTrackingDataArchive,2026-06-07
2026-03,false,youtube_livestreams,announcement,46,https://github.com/TaiwanVtuberData/TaiwanVtuberTrackingData; https://github.com/TaiwanVtuberData/TaiwanVTuberTrackingDataArchive,2026-06-07
2026-03,false,youtube_livestreams,asmr,12,https://github.com/TaiwanVtuberData/TaiwanVtuberTrackingData; https://github.com/TaiwanVtuberData/TaiwanVTuberTrackingDataArchive,2026-06-07
2026-03,false,youtube_livestreams,chat,152,https://github.com/TaiwanVtuberData/TaiwanVtuberTrackingData; https://github.com/TaiwanVtuberData/TaiwanVTuberTrackingDataArchive,2026-06-07
2026-03,false,youtube_livestreams,collab,27,https://github.com/TaiwanVtuberData/TaiwanVtuberTrackingData; https://github.com/TaiwanVtuberData/TaiwanVTuberTrackingDataArchive,2026-06-07
2026-03,false,youtube_livestreams,game,130,https://github.com/TaiwanVtuberData/TaiwanVtuberTrackingData; https://github.com/TaiwanVtuberData/TaiwanVTuberTrackingDataArchive,2026-06-07
2026-03,false,youtube_livestreams,other,738,https://github.com/TaiwanVtuberData/TaiwanVtuberTrackingData; https://github.com/TaiwanVtuberData/TaiwanVTuberTrackingDataArchive,2026-06-07
2026-03,false,youtube_livestreams,singing,128,https://github.com/TaiwanVtuberData/TaiwanVtuberTrackingData; https://github.com/TaiwanVtuberData/TaiwanVTuberTrackingDataArchive,2026-06-07
2026-03,false,twitch_livestreams,chat,14,https://github.com/TaiwanVtuberData/TaiwanVtuberTrackingData; https://github.com/TaiwanVtuberData/TaiwanVTuberTrackingDataArchive,2026-06-07
2026-03,false,twitch_livestreams,game,20,https://github.com/TaiwanVtuberData/TaiwanVtuberTrackingData; https://github.com/TaiwanVtuberData/TaiwanVTuberTrackingDataArchive,2026-06-07
2026-03,false,twitch_livestreams,other,135,https://github.com/TaiwanVtuberData/TaiwanVtuberTrackingData; https://github.com/TaiwanVtuberData/TaiwanVTuberTrackingDataArchive,2026-06-07
2026-03,false,twitch_livestreams,singing,12,https://github.com/TaiwanVtuberData/TaiwanVtuberTrackingData; https://github.com/TaiwanVtuberData/TaiwanVTuberTrackingDataArchive,2026-06-07
